Designator,Mid X,Mid Y,Rotation,Layer
_2069,105.36,73.152,0.0,top
_2068,140.92,154.432,0.0,top
_2067,133.3,60.452,0.0,top
_2066,146.0,123.952,0.0,top
_2065,123.14,151.892,0.0,top
_2064,67.26,93.472,0.0,top
_2063,158.7,96.012,0.0,top
_2062,69.8,75.692,0.0,top
_2061,143.46,123.952,0.0,top
_2060,74.88,57.912,0.0,top
_2059,110.44,60.452,0.0,top
_2058,171.4,85.852,0.0,top
_2057,146.0,116.332,0.0,top
_2056,110.44,57.912,0.0,top
_2055,130.76,73.152,0.0,top
_2054,102.82,144.272,0.0,top
_2053,82.5,131.572,0.0,top
_2052,120.6,134.112,0.0,top
_2051,92.66,116.332,0.0,top
_2050,102.82,154.432,0.0,top
_2049,125.68,149.352,0.0,top
_2048,77.42,141.732,0.0,top
_2047,115.52,118.872,0.0,top
_2046,163.78,60.452,0.0,top
_2045,112.98,106.172,0.0,top
_2044,87.58,118.872,0.0,top
_2043,67.26,149.352,0.0,top
_2042,125.68,126.492,0.0,top
_2041,158.7,131.572,0.0,top
_2040,87.58,55.372,0.0,top
_2039,67.26,73.152,0.0,top
_2038,62.18,60.452,0.0,top
_2037,105.36,88.392,0.0,top
_2036,176.48,83.312,0.0,top
_2035,85.04,93.472,0.0,top
_2034,166.32,75.692,0.0,top
_2033,133.3,154.432,0.0,top
_2032,135.84,106.172,0.0,top
_2031,62.18,136.652,0.0,top
_2030,166.32,45.212,0.0,top
_2029,107.9,108.712,0.0,top
_2028,120.6,116.332,0.0,top
_2027,171.4,108.712,0.0,top
_2026,87.58,70.612,0.0,top
_2025,153.62,65.532,0.0,top
_2024,135.84,149.352,0.0,top
_2023,67.26,55.372,0.0,top
_2022,138.38,134.112,0.0,top
_2021,69.8,126.492,0.0,top
_2020,171.4,73.152,0.0,top
_2019,102.82,121.412,0.0,top
_2018,179.02,126.492,0.0,top
_2017,140.92,80.772,0.0,top
_2016,92.66,144.272,0.0,top
_2015,138.38,141.732,0.0,top
_2014,120.6,149.352,0.0,top
_2013,125.68,103.632,0.0,top
_2012,62.18,93.472,0.0,top
_2011,97.74,85.852,0.0,top
_2010,102.82,106.172,0.0,top
_2009,179.02,121.412,0.0,top
_2008,140.92,151.892,0.0,top
_2007,82.5,90.932,0.0,top
_2006,135.84,78.232,0.0,top
_2005,171.4,93.472,0.0,top
_2004,72.34,121.412,0.0,top
_2003,140.92,73.152,0.0,top
_2002,112.98,146.812,0.0,top
_2001,130.76,55.372,0.0,top
_2000,118.06,126.492,0.0,top
_1999,67.26,151.892,0.0,top
_1998,115.52,131.572,0.0,top
_1997,79.96,106.172,0.0,top
_1996,146.0,60.452,0.0,top
_1995,110.44,88.392,0.0,top
_1994,118.06,88.392,0.0,top
_1993,77.42,50.292,0.0,top
_1992,120.6,96.012,0.0,top
_1991,74.88,52.832,0.0,top
_1990,105.36,123.952,0.0,top
_1989,69.8,123.952,0.0,top
_1988,77.42,123.952,0.0,top
_1987,123.14,52.832,0.0,top
_1986,140.92,101.092,0.0,top
_1985,64.72,45.212,0.0,top
_1984,120.6,151.892,0.0,top
_1983,82.5,52.832,0.0,top
_1982,179.02,65.532,0.0,top
_1981,128.22,134.112,0.0,top
_1980,173.94,57.912,0.0,top
_1979,138.38,70.612,0.0,top
_1978,115.52,60.452,0.0,top
_1977,163.78,146.812,0.0,top
_1976,181.56,75.692,0.0,top
_1975,166.32,113.792,0.0,top
_1974,176.48,57.912,0.0,top
_1973,95.2,141.732,0.0,top
_1972,95.2,57.912,0.0,top
_1971,130.76,70.612,0.0,top
_1970,171.4,68.072,0.0,top
_1969,138.38,90.932,0.0,top
_1968,158.7,98.552,0.0,top
_1967,72.34,146.812,0.0,top
_1966,133.3,131.572,0.0,top
_1965,85.04,141.732,0.0,top
_1964,72.34,98.552,0.0,top
_1963,125.68,141.732,0.0,top
_1962,130.76,62.992,0.0,top
_1961,110.44,141.732,0.0,top
_1960,110.44,96.012,0.0,top
_1959,125.68,83.312,0.0,top
_1958,143.46,68.072,0.0,top
_1957,105.36,144.272,0.0,top
_1956,133.3,96.012,0.0,top
_1955,168.86,78.232,0.0,top
_1954,97.74,108.712,0.0,top
_1953,140.92,134.112,0.0,top
_1952,171.4,96.012,0.0,top
_1951,112.98,134.112,0.0,top
_1950,143.46,50.292,0.0,top
_1949,72.34,141.732,0.0,top
_1948,87.58,75.692,0.0,top
_1947,72.34,52.832,0.0,top
_1946,171.4,70.612,0.0,top
_1945,115.52,57.912,0.0,top
_1944,110.44,103.632,0.0,top
_1943,90.12,62.992,0.0,top
_1942,100.28,108.712,0.0,top
_1941,140.92,62.992,0.0,top
_1940,181.56,129.032,0.0,top
_1939,138.38,83.312,0.0,top
_1938,181.56,116.332,0.0,top
_1937,90.12,75.692,0.0,top
_1936,130.76,90.932,0.0,top
_1935,161.24,47.752,0.0,top
_1934,161.24,85.852,0.0,top
_1933,97.74,139.192,0.0,top
_1932,92.66,55.372,0.0,top
_1931,128.22,141.732,0.0,top
_1930,140.92,47.752,0.0,top
_1929,176.48,134.112,0.0,top
_1928,143.46,98.552,0.0,top
_1927,72.34,78.232,0.0,top
_1926,133.3,65.532,0.0,top
_1925,92.66,121.412,0.0,top
_1924,146.0,93.472,0.0,top
_1923,69.8,88.392,0.0,top
_1922,123.14,93.472,0.0,top
_1921,79.96,98.552,0.0,top
_1920,79.96,146.812,0.0,top
_1919,161.24,103.632,0.0,top
_1918,67.26,62.992,0.0,top
_1917,92.66,126.492,0.0,top
_1916,85.04,113.792,0.0,top
_1915,97.74,62.992,0.0,top
_1914,69.8,136.652,0.0,top
_1913,74.88,50.292,0.0,top
_1912,176.48,78.232,0.0,top
_1911,62.18,80.772,0.0,top
_1910,115.52,111.252,0.0,top
_1909,125.68,146.812,0.0,top
_1908,82.5,50.292,0.0,top
_1907,130.76,83.312,0.0,top
_1906,87.58,116.332,0.0,top
_1905,67.26,47.752,0.0,top
_1904,82.5,123.952,0.0,top
_1903,171.4,139.192,0.0,top
_1902,158.7,149.352,0.0,top
_1901,140.92,60.452,0.0,top
_1900,133.3,113.792,0.0,top
_1899,118.06,90.932,0.0,top
_1898,143.46,121.412,0.0,top
_1897,92.66,136.652,0.0,top
_1896,87.58,85.852,0.0,top
_1895,168.86,141.732,0.0,top
_1894,115.52,121.412,0.0,top
_1893,100.28,57.912,0.0,top
_1892,67.26,111.252,0.0,top
_1891,85.04,149.352,0.0,top
_1890,143.46,129.032,0.0,top
_1889,176.48,108.712,0.0,top
_1888,135.84,52.832,0.0,top
_1887,74.88,78.232,0.0,top
_1886,118.06,83.312,0.0,top
_1885,128.22,126.492,0.0,top
_1884,123.14,141.732,0.0,top
_1883,102.82,45.212,0.0,top
_1882,143.46,118.872,0.0,top
_1881,153.62,151.892,0.0,top
_1880,125.68,65.532,0.0,top
_1879,166.32,98.552,0.0,top
_1878,105.36,134.112,0.0,top
_1877,148.54,118.872,0.0,top
_1876,156.16,106.172,0.0,top
_1875,92.66,85.852,0.0,top
_1874,97.74,106.172,0.0,top
_1873,110.44,136.652,0.0,top
_1872,105.36,93.472,0.0,top
_1871,62.18,75.692,0.0,top
_1870,120.6,146.812,0.0,top
_1869,110.44,129.032,0.0,top
_1868,125.68,139.192,0.0,top
_1867,77.42,90.932,0.0,top
_1866,92.66,45.212,0.0,top
_1865,123.14,73.152,0.0,top
_1864,153.62,85.852,0.0,top
_1863,130.76,141.732,0.0,top
_1862,156.16,50.292,0.0,top
_1861,168.86,88.392,0.0,top
_1860,64.72,131.572,0.0,top
_1859,151.08,60.452,0.0,top
_1858,118.06,141.732,0.0,top
_1857,143.46,146.812,0.0,top
_1856,105.36,126.492,0.0,top
_1855,74.88,85.852,0.0,top
_1854,166.32,154.432,0.0,top
_1853,156.16,47.752,0.0,top
_1852,112.98,126.492,0.0,top
_1851,123.14,121.412,0.0,top
_1850,72.34,149.352,0.0,top
_1849,67.26,45.212,0.0,top
_1848,138.38,144.272,0.0,top
_1847,135.84,80.772,0.0,top
_1846,143.46,85.852,0.0,top
_1845,146.0,70.612,0.0,top
_1844,64.72,70.612,0.0,top
_1843,77.42,131.572,0.0,top
_1842,79.96,129.032,0.0,top
_1841,82.5,103.632,0.0,top
_1840,123.14,83.312,0.0,top
_1839,179.02,136.652,0.0,top
_1838,90.12,126.492,0.0,top
_1837,156.16,118.872,0.0,top
_1836,110.44,106.172,0.0,top
_1835,161.24,88.392,0.0,top
_1834,77.42,78.232,0.0,top
_1833,105.36,85.852,0.0,top
_1832,146.0,65.532,0.0,top
_1831,87.58,149.352,0.0,top
_1830,158.7,78.232,0.0,top
_1829,176.48,88.392,0.0,top
_1828,69.8,129.032,0.0,top
_1827,107.9,85.852,0.0,top
_1826,100.28,62.992,0.0,top
_1825,67.26,123.952,0.0,top
_1824,173.94,131.572,0.0,top
_1823,158.7,93.472,0.0,top
_1822,163.78,70.612,0.0,top
_1821,166.32,90.932,0.0,top
_1820,135.84,118.872,0.0,top
_1819,69.8,116.332,0.0,top
_1818,102.82,134.112,0.0,top
_1817,69.8,62.992,0.0,top
_1816,138.38,47.752,0.0,top
_1815,135.84,83.312,0.0,top
_1814,148.54,139.192,0.0,top
_1813,128.22,103.632,0.0,top
_1812,74.88,121.412,0.0,top
_1811,125.68,50.292,0.0,top
_1810,74.88,146.812,0.0,top
_1809,90.12,78.232,0.0,top
_1808,105.36,45.212,0.0,top
_1807,156.16,78.232,0.0,top
_1806,118.06,93.472,0.0,top
_1805,105.36,103.632,0.0,top
_1804,105.36,78.232,0.0,top
_1803,130.76,126.492,0.0,top
_1802,125.68,68.072,0.0,top
_1801,85.04,151.892,0.0,top
_1800,151.08,96.012,0.0,top
_1799,156.16,103.632,0.0,top
_1798,85.04,57.912,0.0,top
_1797,87.58,57.912,0.0,top
_1796,115.52,101.092,0.0,top
_1795,82.5,78.232,0.0,top
_1794,158.7,123.952,0.0,top
_1793,72.34,60.452,0.0,top
_1792,92.66,106.172,0.0,top
_1791,100.28,139.192,0.0,top
_1790,163.78,55.372,0.0,top
_1789,163.78,45.212,0.0,top
_1788,115.52,50.292,0.0,top
_1787,133.3,126.492,0.0,top
_1786,92.66,75.692,0.0,top
_1785,158.7,118.872,0.0,top
_1784,112.98,118.872,0.0,top
_1783,79.96,116.332,0.0,top
_1782,64.72,75.692,0.0,top
_1781,105.36,83.312,0.0,top
_1780,158.7,111.252,0.0,top
_1779,130.76,144.272,0.0,top
_1778,72.34,108.712,0.0,top
_1777,148.54,129.032,0.0,top
_1776,97.74,101.092,0.0,top
_1775,146.0,55.372,0.0,top
_1774,179.02,70.612,0.0,top
_1773,90.12,103.632,0.0,top
_1772,64.72,103.632,0.0,top
_1771,115.52,106.172,0.0,top
_1770,120.6,62.992,0.0,top
_1769,130.76,60.452,0.0,top
_1768,77.42,55.372,0.0,top
_1767,62.18,62.992,0.0,top
_1766,102.82,149.352,0.0,top
_1765,151.08,108.712,0.0,top
_1764,176.48,98.552,0.0,top
_1763,87.58,47.752,0.0,top
_1762,77.42,75.692,0.0,top
_1761,95.2,98.552,0.0,top
_1760,105.36,129.032,0.0,top
_1759,64.72,52.832,0.0,top
_1758,168.86,118.872,0.0,top
_1757,69.8,144.272,0.0,top
_1756,135.84,101.092,0.0,top
_1755,133.3,57.912,0.0,top
_1754,168.86,85.852,0.0,top
_1753,85.04,126.492,0.0,top
_1752,135.84,111.252,0.0,top
_1751,128.22,101.092,0.0,top
_1750,176.48,52.832,0.0,top
_1749,153.62,139.192,0.0,top
_1748,158.7,151.892,0.0,top
_1747,82.5,88.392,0.0,top
_1746,102.82,57.912,0.0,top
_1745,87.58,121.412,0.0,top
_1744,77.42,101.092,0.0,top
_1743,64.72,134.112,0.0,top
_1742,77.42,146.812,0.0,top
_1741,161.24,96.012,0.0,top
_1740,168.86,113.792,0.0,top
_1739,67.26,134.112,0.0,top
_1738,138.38,118.872,0.0,top
_1737,67.26,80.772,0.0,top
_1736,79.96,50.292,0.0,top
_1735,135.84,123.952,0.0,top
_1734,64.72,57.912,0.0,top
_1733,110.44,98.552,0.0,top
_1732,77.42,103.632,0.0,top
_1731,128.22,146.812,0.0,top
_1730,112.98,96.012,0.0,top
_1729,128.22,106.172,0.0,top
_1728,79.96,55.372,0.0,top
_1727,171.4,116.332,0.0,top
_1726,118.06,80.772,0.0,top
_1725,74.88,123.952,0.0,top
_1724,181.56,98.552,0.0,top
_1723,173.94,88.392,0.0,top
_1722,140.92,78.232,0.0,top
_1721,92.66,151.892,0.0,top
_1720,146.0,47.752,0.0,top
_1719,171.4,83.312,0.0,top
_1718,74.88,144.272,0.0,top
_1717,85.04,83.312,0.0,top
_1716,79.96,93.472,0.0,top
_1715,156.16,60.452,0.0,top
_1714,128.22,45.212,0.0,top
_1713,102.82,90.932,0.0,top
_1712,110.44,121.412,0.0,top
_1711,107.9,80.772,0.0,top
_1710,112.98,85.852,0.0,top
_1709,102.82,80.772,0.0,top
_1708,140.92,106.172,0.0,top
_1707,85.04,96.012,0.0,top
_1706,128.22,85.852,0.0,top
_1705,110.44,151.892,0.0,top
_1704,64.72,108.712,0.0,top
_1703,97.74,131.572,0.0,top
_1702,115.52,96.012,0.0,top
_1701,87.58,126.492,0.0,top
_1700,179.02,131.572,0.0,top
_1699,82.5,62.992,0.0,top
_1698,67.26,146.812,0.0,top
_1697,179.02,103.632,0.0,top
_1696,92.66,118.872,0.0,top
_1695,153.62,93.472,0.0,top
_1694,153.62,60.452,0.0,top
_1693,156.16,96.012,0.0,top
_1692,168.86,55.372,0.0,top
_1691,90.12,151.892,0.0,top
_1690,153.62,98.552,0.0,top
_1689,171.4,111.252,0.0,top
_1688,168.86,139.192,0.0,top
_1687,115.52,78.232,0.0,top
_1686,107.9,103.632,0.0,top
_1685,156.16,45.212,0.0,top
_1684,171.4,154.432,0.0,top
_1683,176.48,141.732,0.0,top
_1682,125.68,154.432,0.0,top
_1681,90.12,146.812,0.0,top
_1680,90.12,65.532,0.0,top
_1679,118.06,106.172,0.0,top
_1678,138.38,121.412,0.0,top
_1677,69.8,141.732,0.0,top
_1676,179.02,68.072,0.0,top
_1675,107.9,70.612,0.0,top
_1674,146.0,50.292,0.0,top
_1673,140.92,121.412,0.0,top
_1672,100.28,90.932,0.0,top
_1671,133.3,70.612,0.0,top
_1670,179.02,73.152,0.0,top
_1669,107.9,75.692,0.0,top
_1668,79.96,149.352,0.0,top
_1667,158.7,134.112,0.0,top
_1666,115.52,149.352,0.0,top
_1665,97.74,126.492,0.0,top
_1664,128.22,47.752,0.0,top
_1663,161.24,108.712,0.0,top
_1662,156.16,70.612,0.0,top
_1661,79.96,111.252,0.0,top
_1660,87.58,96.012,0.0,top
_1659,148.54,134.112,0.0,top
_1658,82.5,83.312,0.0,top
_1657,85.04,116.332,0.0,top
_1656,72.34,57.912,0.0,top
_1655,173.94,78.232,0.0,top
_1654,85.04,85.852,0.0,top
_1653,128.22,68.072,0.0,top
_1652,133.3,101.092,0.0,top
_1651,146.0,83.312,0.0,top
_1650,112.98,144.272,0.0,top
_1649,171.4,60.452,0.0,top
_1648,153.62,136.652,0.0,top
_1647,64.72,78.232,0.0,top
_1646,128.22,93.472,0.0,top
_1645,112.98,98.552,0.0,top
_1644,161.24,93.472,0.0,top
_1643,158.7,136.652,0.0,top
_1642,64.72,139.192,0.0,top
_1641,115.52,103.632,0.0,top
_1640,146.0,75.692,0.0,top
_1639,143.46,149.352,0.0,top
_1638,133.3,80.772,0.0,top
_1637,112.98,55.372,0.0,top
_1636,107.9,136.652,0.0,top
_1635,161.24,68.072,0.0,top
_1634,92.66,93.472,0.0,top
_1633,156.16,134.112,0.0,top
_1632,151.08,73.152,0.0,top
_1631,107.9,139.192,0.0,top
_1630,64.72,65.532,0.0,top
_1629,67.26,60.452,0.0,top
_1628,138.38,85.852,0.0,top
_1627,120.6,68.072,0.0,top
_1626,97.74,88.392,0.0,top
_1625,74.88,103.632,0.0,top
_1624,156.16,90.932,0.0,top
_1623,72.34,65.532,0.0,top
_1622,143.46,93.472,0.0,top
_1621,92.66,149.352,0.0,top
_1620,138.38,123.952,0.0,top
_1619,95.2,136.652,0.0,top
_1618,133.3,151.892,0.0,top
_1617,79.96,65.532,0.0,top
_1616,64.72,101.092,0.0,top
_1615,143.46,144.272,0.0,top
_1614,143.46,111.252,0.0,top
_1613,67.26,88.392,0.0,top
_1612,138.38,151.892,0.0,top
_1611,102.82,73.152,0.0,top
_1610,69.8,45.212,0.0,top
_1609,79.96,52.832,0.0,top
_1608,151.08,134.112,0.0,top
_1607,67.26,50.292,0.0,top
_1606,125.68,93.472,0.0,top
_1605,97.74,83.312,0.0,top
_1604,107.9,121.412,0.0,top
_1603,135.84,126.492,0.0,top
_1602,92.66,73.152,0.0,top
_1601,72.34,70.612,0.0,top
_1600,107.9,106.172,0.0,top
_1599,133.3,98.552,0.0,top
_1598,179.02,93.472,0.0,top
_1597,120.6,101.092,0.0,top
_1596,163.78,154.432,0.0,top
_1595,135.84,70.612,0.0,top
_1594,77.42,111.252,0.0,top
_1593,130.76,75.692,0.0,top
_1592,148.54,108.712,0.0,top
_1591,95.2,101.092,0.0,top
_1590,158.7,50.292,0.0,top
_1589,128.22,78.232,0.0,top
_1588,102.82,139.192,0.0,top
_1587,151.08,154.432,0.0,top
_1586,118.06,55.372,0.0,top
_1585,110.44,93.472,0.0,top
_1584,171.4,118.872,0.0,top
_1583,87.58,45.212,0.0,top
_1582,120.6,98.552,0.0,top
_1581,69.8,70.612,0.0,top
_1580,128.22,96.012,0.0,top
_1579,118.06,96.012,0.0,top
_1578,140.92,50.292,0.0,top
_1577,128.22,98.552,0.0,top
_1576,125.68,62.992,0.0,top
_1575,168.86,126.492,0.0,top
_1574,85.04,80.772,0.0,top
_1573,69.8,111.252,0.0,top
_1572,151.08,113.792,0.0,top
_1571,95.2,78.232,0.0,top
_1570,125.68,113.792,0.0,top
_1569,163.78,52.832,0.0,top
_1568,90.12,123.952,0.0,top
_1567,161.24,121.412,0.0,top
_1566,87.58,111.252,0.0,top
_1565,123.14,131.572,0.0,top
_1564,123.14,118.872,0.0,top
_1563,79.96,101.092,0.0,top
_1562,176.48,106.172,0.0,top
_1561,161.24,98.552,0.0,top
_1560,125.68,129.032,0.0,top
_1559,79.96,154.432,0.0,top
_1558,130.76,151.892,0.0,top
_1557,72.34,68.072,0.0,top
_1556,135.84,62.992,0.0,top
_1555,125.68,108.712,0.0,top
_1554,168.86,57.912,0.0,top
_1553,166.32,146.812,0.0,top
_1552,133.3,116.332,0.0,top
_1551,72.34,129.032,0.0,top
_1550,173.94,70.612,0.0,top
_1549,77.42,83.312,0.0,top
_1548,90.12,52.832,0.0,top
_1547,77.42,80.772,0.0,top
_1546,82.5,68.072,0.0,top
_1545,161.24,70.612,0.0,top
_1544,156.16,139.192,0.0,top
_1543,105.36,101.092,0.0,top
_1542,82.5,111.252,0.0,top
_1541,105.36,154.432,0.0,top
_1540,148.54,96.012,0.0,top
_1539,173.94,75.692,0.0,top
_1538,146.0,78.232,0.0,top
_1537,72.34,93.472,0.0,top
_1536,161.24,154.432,0.0,top
_1535,171.4,62.992,0.0,top
_1534,135.84,50.292,0.0,top
_1533,151.08,106.172,0.0,top
_1532,138.38,45.212,0.0,top
_1531,128.22,50.292,0.0,top
_1530,77.42,144.272,0.0,top
_1529,82.5,141.732,0.0,top
_1528,181.56,96.012,0.0,top
_1527,156.16,149.352,0.0,top
_1526,146.0,141.732,0.0,top
_1525,64.72,154.432,0.0,top
_1524,140.92,88.392,0.0,top
_1523,67.26,75.692,0.0,top
_1522,161.24,50.292,0.0,top
_1521,77.42,47.752,0.0,top
_1520,102.82,146.812,0.0,top
_1519,148.54,47.752,0.0,top
_1518,92.66,131.572,0.0,top
_1517,143.46,62.992,0.0,top
_1516,179.02,149.352,0.0,top
_1515,181.56,151.892,0.0,top
_1514,166.32,103.632,0.0,top
_1513,153.62,129.032,0.0,top
_1512,97.74,134.112,0.0,top
_1511,107.9,68.072,0.0,top
_1510,148.54,50.292,0.0,top
_1509,115.52,139.192,0.0,top
_1508,92.66,88.392,0.0,top
_1507,100.28,88.392,0.0,top
_1506,69.8,139.192,0.0,top
_1505,95.2,144.272,0.0,top
_1504,148.54,151.892,0.0,top
_1503,176.48,65.532,0.0,top
_1502,118.06,98.552,0.0,top
_1501,163.78,90.932,0.0,top
_1500,176.48,126.492,0.0,top
_1499,130.76,85.852,0.0,top
_1498,105.36,116.332,0.0,top
_1497,79.96,78.232,0.0,top
_1496,179.02,98.552,0.0,top
_1495,123.14,154.432,0.0,top
_1494,135.84,131.572,0.0,top
_1493,72.34,144.272,0.0,top
_1492,74.88,60.452,0.0,top
_1491,72.34,50.292,0.0,top
_1490,128.22,131.572,0.0,top
_1489,168.86,134.112,0.0,top
_1488,85.04,47.752,0.0,top
_1487,173.94,113.792,0.0,top
_1486,179.02,144.272,0.0,top
_1485,176.48,85.852,0.0,top
_1484,130.76,45.212,0.0,top
_1483,128.22,113.792,0.0,top
_1482,67.26,78.232,0.0,top
_1481,64.72,47.752,0.0,top
_1480,173.94,80.772,0.0,top
_1479,163.78,101.092,0.0,top
_1478,138.38,65.532,0.0,top
_1477,87.58,144.272,0.0,top
_1476,151.08,68.072,0.0,top
_1475,72.34,118.872,0.0,top
_1474,87.58,123.952,0.0,top
_1473,95.2,90.932,0.0,top
_1472,168.86,101.092,0.0,top
_1471,171.4,101.092,0.0,top
_1470,151.08,45.212,0.0,top
_1469,138.38,126.492,0.0,top
_1468,62.18,113.792,0.0,top
_1467,115.52,85.852,0.0,top
_1466,115.52,108.712,0.0,top
_1465,128.22,116.332,0.0,top
_1464,151.08,146.812,0.0,top
_1463,173.94,101.092,0.0,top
_1462,138.38,60.452,0.0,top
_1461,123.14,75.692,0.0,top
_1460,100.28,149.352,0.0,top
_1459,148.54,141.732,0.0,top
_1458,102.82,118.872,0.0,top
_1457,100.28,131.572,0.0,top
_1456,158.7,139.192,0.0,top
_1455,72.34,90.932,0.0,top
_1454,163.78,118.872,0.0,top
_1453,69.8,50.292,0.0,top
_1452,133.3,121.412,0.0,top
_1451,166.32,131.572,0.0,top
_1450,82.5,101.092,0.0,top
_1449,173.94,93.472,0.0,top
_1448,133.3,62.992,0.0,top
_1447,95.2,73.152,0.0,top
_1446,148.54,62.992,0.0,top
_1445,85.04,144.272,0.0,top
_1444,173.94,116.332,0.0,top
_1443,72.34,88.392,0.0,top
_1442,161.24,57.912,0.0,top
_1441,87.58,146.812,0.0,top
_1440,74.88,62.992,0.0,top
_1439,118.06,154.432,0.0,top
_1438,125.68,98.552,0.0,top
_1437,90.12,83.312,0.0,top
_1436,100.28,52.832,0.0,top
_1435,133.3,85.852,0.0,top
_1434,69.8,151.892,0.0,top
_1433,120.6,93.472,0.0,top
_1432,110.44,108.712,0.0,top
_1431,110.44,65.532,0.0,top
_1430,110.44,116.332,0.0,top
_1429,173.94,52.832,0.0,top
_1428,153.62,73.152,0.0,top
_1427,135.84,75.692,0.0,top
_1426,138.38,113.792,0.0,top
_1425,102.82,47.752,0.0,top
_1424,79.96,144.272,0.0,top
_1423,112.98,111.252,0.0,top
_1422,143.46,101.092,0.0,top
_1421,112.98,90.932,0.0,top
_1420,77.42,134.112,0.0,top
_1419,125.68,70.612,0.0,top
_1418,79.96,123.952,0.0,top
_1417,102.82,70.612,0.0,top
_1416,163.78,62.992,0.0,top
_1415,179.02,154.432,0.0,top
_1414,173.94,50.292,0.0,top
_1413,72.34,85.852,0.0,top
_1412,120.6,106.172,0.0,top
_1411,107.9,96.012,0.0,top
_1410,79.96,85.852,0.0,top
_1409,146.0,146.812,0.0,top
_1408,176.48,144.272,0.0,top
_1407,163.78,80.772,0.0,top
_1406,105.36,75.692,0.0,top
_1405,105.36,96.012,0.0,top
_1404,92.66,154.432,0.0,top
_1403,173.94,129.032,0.0,top
_1402,158.7,116.332,0.0,top
_1401,140.92,98.552,0.0,top
_1400,112.98,47.752,0.0,top
_1399,64.72,60.452,0.0,top
_1398,64.72,98.552,0.0,top
_1397,90.12,80.772,0.0,top
_1396,112.98,116.332,0.0,top
_1395,64.72,146.812,0.0,top
_1394,156.16,144.272,0.0,top
_1393,120.6,129.032,0.0,top
_1392,163.78,88.392,0.0,top
_1391,100.28,93.472,0.0,top
_1390,171.4,113.792,0.0,top
_1389,69.8,118.872,0.0,top
_1388,168.86,121.412,0.0,top
_1387,153.62,126.492,0.0,top
_1386,151.08,57.912,0.0,top
_1385,90.12,90.932,0.0,top
_1384,112.98,123.952,0.0,top
_1383,140.92,108.712,0.0,top
_1382,151.08,101.092,0.0,top
_1381,133.3,103.632,0.0,top
_1380,82.5,75.692,0.0,top
_1379,82.5,134.112,0.0,top
_1378,87.58,65.532,0.0,top
_1377,97.74,60.452,0.0,top
_1376,62.18,118.872,0.0,top
_1375,128.22,88.392,0.0,top
_1374,62.18,149.352,0.0,top
_1373,90.12,116.332,0.0,top
_1372,148.54,78.232,0.0,top
_1371,87.58,154.432,0.0,top
_1370,87.58,101.092,0.0,top
_1369,173.94,73.152,0.0,top
_1368,153.62,55.372,0.0,top
_1367,143.46,103.632,0.0,top
_1366,72.34,45.212,0.0,top
_1365,135.84,136.652,0.0,top
_1364,64.72,106.172,0.0,top
_1363,74.88,111.252,0.0,top
_1362,107.9,111.252,0.0,top
_1361,97.74,136.652,0.0,top
_1360,105.36,118.872,0.0,top
_1359,130.76,47.752,0.0,top
_1358,100.28,129.032,0.0,top
_1357,161.24,78.232,0.0,top
_1356,156.16,108.712,0.0,top
_1355,92.66,96.012,0.0,top
_1354,161.24,136.652,0.0,top
_1353,156.16,73.152,0.0,top
_1352,79.96,62.992,0.0,top
_1351,82.5,151.892,0.0,top
_1350,153.62,144.272,0.0,top
_1349,179.02,108.712,0.0,top
_1348,107.9,98.552,0.0,top
_1347,153.62,70.612,0.0,top
_1346,97.74,98.552,0.0,top
_1345,82.5,93.472,0.0,top
_1344,79.96,139.192,0.0,top
_1343,74.88,106.172,0.0,top
_1342,90.12,60.452,0.0,top
_1341,85.04,146.812,0.0,top
_1340,97.74,141.732,0.0,top
_1339,90.12,101.092,0.0,top
_1338,69.8,154.432,0.0,top
_1337,118.06,60.452,0.0,top
_1336,138.38,108.712,0.0,top
_1335,130.76,134.112,0.0,top
_1334,135.84,60.452,0.0,top
_1333,115.52,136.652,0.0,top
_1332,158.7,101.092,0.0,top
_1331,138.38,55.372,0.0,top
_1330,153.62,116.332,0.0,top
_1329,69.8,60.452,0.0,top
_1328,74.88,131.572,0.0,top
_1327,110.44,111.252,0.0,top
_1326,110.44,154.432,0.0,top
_1325,97.74,55.372,0.0,top
_1324,100.28,55.372,0.0,top
_1323,181.56,134.112,0.0,top
_1322,133.3,78.232,0.0,top
_1321,179.02,146.812,0.0,top
_1320,69.8,113.792,0.0,top
_1319,102.82,93.472,0.0,top
_1318,171.4,151.892,0.0,top
_1317,135.84,88.392,0.0,top
_1316,72.34,131.572,0.0,top
_1315,77.42,62.992,0.0,top
_1314,166.32,52.832,0.0,top
_1313,153.62,121.412,0.0,top
_1312,138.38,139.192,0.0,top
_1311,140.92,146.812,0.0,top
_1310,125.68,45.212,0.0,top
_1309,77.42,98.552,0.0,top
_1308,105.36,68.072,0.0,top
_1307,128.22,70.612,0.0,top
_1306,173.94,106.172,0.0,top
_1305,92.66,90.932,0.0,top
_1304,179.02,123.952,0.0,top
_1303,130.76,129.032,0.0,top
_1302,120.6,55.372,0.0,top
_1301,125.68,151.892,0.0,top
_1300,161.24,113.792,0.0,top
_1299,143.46,80.772,0.0,top
_1298,146.0,113.792,0.0,top
_1297,118.06,129.032,0.0,top
_1296,168.86,116.332,0.0,top
_1295,112.98,62.992,0.0,top
_1294,151.08,144.272,0.0,top
_1293,176.48,96.012,0.0,top
_1292,67.26,141.732,0.0,top
_1291,74.88,80.772,0.0,top
_1290,120.6,70.612,0.0,top
_1289,72.34,134.112,0.0,top
_1288,82.5,47.752,0.0,top
_1287,130.76,88.392,0.0,top
_1286,176.48,129.032,0.0,top
_1285,161.24,111.252,0.0,top
_1284,105.36,131.572,0.0,top
_1283,118.06,149.352,0.0,top
_1282,90.12,57.912,0.0,top
_1281,74.88,47.752,0.0,top
_1280,112.98,70.612,0.0,top
_1279,151.08,70.612,0.0,top
_1278,107.9,118.872,0.0,top
_1277,171.4,123.952,0.0,top
_1276,138.38,106.172,0.0,top
_1275,112.98,73.152,0.0,top
_1274,176.48,45.212,0.0,top
_1273,171.4,149.352,0.0,top
_1272,135.84,45.212,0.0,top
_1271,166.32,93.472,0.0,top
_1270,161.24,62.992,0.0,top
_1269,110.44,101.092,0.0,top
_1268,92.66,83.312,0.0,top
_1267,171.4,47.752,0.0,top
_1266,79.96,83.312,0.0,top
_1265,133.3,83.312,0.0,top
_1264,102.82,103.632,0.0,top
_1263,64.72,113.792,0.0,top
_1262,179.02,141.732,0.0,top
_1261,77.42,57.912,0.0,top
_1260,173.94,65.532,0.0,top
_1259,95.2,45.212,0.0,top
_1258,95.2,70.612,0.0,top
_1257,92.66,113.792,0.0,top
_1256,120.6,85.852,0.0,top
_1255,173.94,108.712,0.0,top
_1254,151.08,123.952,0.0,top
_1253,179.02,45.212,0.0,top
_1252,69.8,80.772,0.0,top
_1251,69.8,73.152,0.0,top
_1250,90.12,136.652,0.0,top
_1249,85.04,98.552,0.0,top
_1248,125.68,78.232,0.0,top
_1247,156.16,146.812,0.0,top
_1246,67.26,101.092,0.0,top
_1245,158.7,83.312,0.0,top
_1244,62.18,134.112,0.0,top
_1243,120.6,88.392,0.0,top
_1242,82.5,113.792,0.0,top
_1241,107.9,116.332,0.0,top
_1240,64.72,90.932,0.0,top
_1239,153.62,113.792,0.0,top
_1238,148.54,98.552,0.0,top
_1237,143.46,113.792,0.0,top
_1236,123.14,70.612,0.0,top
_1235,87.58,68.072,0.0,top
_1234,158.7,126.492,0.0,top
_1233,151.08,103.632,0.0,top
_1232,148.54,83.312,0.0,top
_1231,69.8,121.412,0.0,top
_1230,82.5,121.412,0.0,top
_1229,107.9,45.212,0.0,top
_1228,107.9,129.032,0.0,top
_1227,100.28,73.152,0.0,top
_1226,72.34,151.892,0.0,top
_1225,135.84,116.332,0.0,top
_1224,107.9,154.432,0.0,top
_1223,146.0,98.552,0.0,top
_1222,161.24,118.872,0.0,top
_1221,168.86,96.012,0.0,top
_1220,100.28,68.072,0.0,top
_1219,97.74,121.412,0.0,top
_1218,90.12,144.272,0.0,top
_1217,115.52,73.152,0.0,top
_1216,100.28,126.492,0.0,top
_1215,115.52,70.612,0.0,top
_1214,161.24,131.572,0.0,top
_1213,118.06,75.692,0.0,top
_1212,97.74,90.932,0.0,top
_1211,123.14,88.392,0.0,top
_1210,148.54,93.472,0.0,top
_1209,179.02,90.932,0.0,top
_1208,105.36,80.772,0.0,top
_1207,125.68,96.012,0.0,top
_1206,82.5,149.352,0.0,top
_1205,158.7,85.852,0.0,top
_1204,110.44,78.232,0.0,top
_1203,171.4,50.292,0.0,top
_1202,161.24,52.832,0.0,top
_1201,97.74,103.632,0.0,top
_1200,115.52,47.752,0.0,top
_1199,153.62,52.832,0.0,top
_1198,163.78,136.652,0.0,top
_1197,128.22,90.932,0.0,top
_1196,128.22,118.872,0.0,top
_1195,107.9,126.492,0.0,top
_1194,82.5,106.172,0.0,top
_1193,110.44,68.072,0.0,top
_1192,115.52,55.372,0.0,top
_1191,158.7,141.732,0.0,top
_1190,74.88,129.032,0.0,top
_1189,72.34,154.432,0.0,top
_1188,156.16,116.332,0.0,top
_1187,181.56,146.812,0.0,top
_1186,105.36,47.752,0.0,top
_1185,97.74,116.332,0.0,top
_1184,166.32,106.172,0.0,top
_1183,176.48,111.252,0.0,top
_1182,79.96,60.452,0.0,top
_1181,158.7,70.612,0.0,top
_1180,100.28,45.212,0.0,top
_1179,168.86,106.172,0.0,top
_1178,64.72,129.032,0.0,top
_1177,100.28,65.532,0.0,top
_1176,90.12,121.412,0.0,top
_1175,64.72,151.892,0.0,top
_1174,179.02,83.312,0.0,top
_1173,173.94,103.632,0.0,top
_1172,115.52,52.832,0.0,top
_1171,143.46,96.012,0.0,top
_1170,112.98,65.532,0.0,top
_1169,163.78,116.332,0.0,top
_1168,156.16,83.312,0.0,top
_1167,97.74,68.072,0.0,top
_1166,82.5,98.552,0.0,top
_1165,120.6,136.652,0.0,top
_1164,143.46,52.832,0.0,top
_1163,77.42,151.892,0.0,top
_1162,74.88,154.432,0.0,top
_1161,173.94,154.432,0.0,top
_1160,163.78,68.072,0.0,top
_1159,112.98,131.572,0.0,top
_1158,74.88,73.152,0.0,top
_1157,156.16,111.252,0.0,top
_1156,130.76,113.792,0.0,top
_1155,90.12,55.372,0.0,top
_1154,181.56,149.352,0.0,top
_1153,166.32,47.752,0.0,top
_1152,77.42,139.192,0.0,top
_1151,90.12,131.572,0.0,top
_1150,153.62,146.812,0.0,top
_1149,163.78,85.852,0.0,top
_1148,120.6,154.432,0.0,top
_1147,148.54,121.412,0.0,top
_1146,176.48,80.772,0.0,top
_1145,105.36,90.932,0.0,top
_1144,153.62,45.212,0.0,top
_1143,97.74,129.032,0.0,top
_1142,110.44,134.112,0.0,top
_1141,72.34,55.372,0.0,top
_1140,118.06,103.632,0.0,top
_1139,112.98,93.472,0.0,top
_1138,173.94,62.992,0.0,top
_1137,74.88,101.092,0.0,top
_1136,97.74,47.752,0.0,top
_1135,97.74,123.952,0.0,top
_1134,128.22,80.772,0.0,top
_1133,153.62,131.572,0.0,top
_1132,173.94,151.892,0.0,top
_1131,130.76,149.352,0.0,top
_1130,67.26,96.012,0.0,top
_1129,79.96,113.792,0.0,top
_1128,120.6,123.952,0.0,top
_1127,97.74,65.532,0.0,top
_1126,95.2,103.632,0.0,top
_1125,118.06,65.532,0.0,top
_1124,125.68,90.932,0.0,top
_1123,72.34,47.752,0.0,top
_1122,102.82,98.552,0.0,top
_1121,125.68,80.772,0.0,top
_1120,97.74,149.352,0.0,top
_1119,148.54,131.572,0.0,top
_1118,118.06,70.612,0.0,top
_1117,151.08,151.892,0.0,top
_1116,79.96,118.872,0.0,top
_1115,87.58,52.832,0.0,top
_1114,69.8,85.852,0.0,top
_1113,107.9,60.452,0.0,top
_1112,156.16,52.832,0.0,top
_1111,166.32,60.452,0.0,top
_1110,120.6,80.772,0.0,top
_1109,158.7,65.532,0.0,top
_1108,133.3,111.252,0.0,top
_1107,92.66,62.992,0.0,top
_1106,90.12,93.472,0.0,top
_1105,97.74,52.832,0.0,top
_1104,135.84,103.632,0.0,top
_1103,153.62,106.172,0.0,top
_1102,95.2,68.072,0.0,top
_1101,151.08,131.572,0.0,top
_1100,110.44,144.272,0.0,top
_1099,118.06,78.232,0.0,top
_1098,85.04,131.572,0.0,top
_1097,115.52,65.532,0.0,top
_1096,140.92,144.272,0.0,top
_1095,118.06,68.072,0.0,top
_1094,171.4,45.212,0.0,top
_1093,79.96,80.772,0.0,top
_1092,100.28,136.652,0.0,top
_1091,156.16,136.652,0.0,top
_1090,123.14,68.072,0.0,top
_1089,123.14,96.012,0.0,top
_1088,130.76,50.292,0.0,top
_1087,161.24,149.352,0.0,top
_1086,168.86,103.632,0.0,top
_1085,112.98,88.392,0.0,top
_1084,69.8,149.352,0.0,top
_1083,69.8,57.912,0.0,top
_1082,171.4,75.692,0.0,top
_1081,107.9,90.932,0.0,top
_1080,112.98,57.912,0.0,top
_1079,171.4,134.112,0.0,top
_1078,125.68,57.912,0.0,top
_1077,146.0,45.212,0.0,top
_1076,115.52,88.392,0.0,top
_1075,168.86,83.312,0.0,top
_1074,105.36,98.552,0.0,top
_1073,133.3,47.752,0.0,top
_1072,153.62,88.392,0.0,top
_1071,107.9,131.572,0.0,top
_1070,146.0,129.032,0.0,top
_1069,179.02,75.692,0.0,top
_1068,143.46,55.372,0.0,top
_1067,148.54,144.272,0.0,top
_1066,95.2,83.312,0.0,top
_1065,138.38,146.812,0.0,top
_1064,181.56,144.272,0.0,top
_1063,95.2,134.112,0.0,top
_1062,138.38,93.472,0.0,top
_1061,143.46,106.172,0.0,top
_1060,146.0,134.112,0.0,top
_1059,153.62,101.092,0.0,top
_1058,62.18,101.092,0.0,top
_1057,79.96,121.412,0.0,top
_1056,138.38,101.092,0.0,top
_1055,95.2,113.792,0.0,top
_1054,110.44,45.212,0.0,top
_1053,120.6,111.252,0.0,top
_1052,166.32,129.032,0.0,top
_1051,135.84,108.712,0.0,top
_1050,138.38,111.252,0.0,top
_1049,158.7,146.812,0.0,top
_1048,64.72,123.952,0.0,top
_1047,176.48,70.612,0.0,top
_1046,181.56,55.372,0.0,top
_1045,125.68,106.172,0.0,top
_1044,156.16,113.792,0.0,top
_1043,77.42,96.012,0.0,top
_1042,163.78,131.572,0.0,top
_1041,166.32,136.652,0.0,top
_1040,166.32,111.252,0.0,top
_1039,87.58,103.632,0.0,top
_1038,107.9,101.092,0.0,top
_1037,67.26,90.932,0.0,top
_1036,153.62,62.992,0.0,top
_1035,153.62,149.352,0.0,top
_1034,112.98,141.732,0.0,top
_1033,135.84,98.552,0.0,top
_1032,118.06,121.412,0.0,top
_1031,123.14,113.792,0.0,top
_1030,176.48,123.952,0.0,top
_1029,110.44,62.992,0.0,top
_1028,173.94,98.552,0.0,top
_1027,161.24,65.532,0.0,top
_1026,67.26,121.412,0.0,top
_1025,151.08,90.932,0.0,top
_1024,151.08,118.872,0.0,top
_1023,166.32,101.092,0.0,top
_1022,62.18,83.312,0.0,top
_1021,128.22,121.412,0.0,top
_1020,153.62,90.932,0.0,top
_1019,143.46,47.752,0.0,top
_1018,115.52,62.992,0.0,top
_1017,97.74,93.472,0.0,top
_1016,173.94,126.492,0.0,top
_1015,135.84,146.812,0.0,top
_1014,173.94,149.352,0.0,top
_1013,176.48,151.892,0.0,top
_1012,87.58,73.152,0.0,top
_1011,179.02,80.772,0.0,top
_1010,118.06,139.192,0.0,top
_1009,115.52,154.432,0.0,top
_1008,135.84,93.472,0.0,top
_1007,92.66,47.752,0.0,top
_1006,130.76,131.572,0.0,top
_1005,102.82,126.492,0.0,top
_1004,102.82,131.572,0.0,top
_1003,128.22,52.832,0.0,top
_1002,100.28,134.112,0.0,top
_1001,148.54,123.952,0.0,top
_1000,100.28,85.852,0.0,top
_999,133.3,136.652,0.0,top
_998,168.86,65.532,0.0,top
_997,151.08,65.532,0.0,top
_996,140.92,75.692,0.0,top
_995,179.02,78.232,0.0,top
_994,151.08,83.312,0.0,top
_993,69.8,134.112,0.0,top
_992,176.48,113.792,0.0,top
_991,135.84,57.912,0.0,top
_990,90.12,141.732,0.0,top
_989,120.6,57.912,0.0,top
_988,90.12,154.432,0.0,top
_987,74.88,108.712,0.0,top
_986,95.2,146.812,0.0,top
_985,87.58,134.112,0.0,top
_984,151.08,98.552,0.0,top
_983,176.48,154.432,0.0,top
_982,130.76,106.172,0.0,top
_981,102.82,101.092,0.0,top
_980,85.04,108.712,0.0,top
_979,102.82,62.992,0.0,top
_978,82.5,85.852,0.0,top
_977,90.12,88.392,0.0,top
_976,158.7,121.412,0.0,top
_975,74.88,149.352,0.0,top
_974,107.9,50.292,0.0,top
_973,110.44,52.832,0.0,top
_972,138.38,78.232,0.0,top
_971,156.16,98.552,0.0,top
_970,133.3,75.692,0.0,top
_969,120.6,75.692,0.0,top
_968,77.42,68.072,0.0,top
_967,85.04,45.212,0.0,top
_966,77.42,73.152,0.0,top
_965,181.56,108.712,0.0,top
_964,138.38,62.992,0.0,top
_963,153.62,80.772,0.0,top
_962,148.54,103.632,0.0,top
_961,69.8,108.712,0.0,top
_960,107.9,65.532,0.0,top
_959,143.46,73.152,0.0,top
_958,138.38,50.292,0.0,top
_957,148.54,75.692,0.0,top
_956,168.86,47.752,0.0,top
_955,77.42,121.412,0.0,top
_954,166.32,80.772,0.0,top
_953,85.04,78.232,0.0,top
_952,85.04,50.292,0.0,top
_951,92.66,68.072,0.0,top
_950,100.28,141.732,0.0,top
_949,115.52,126.492,0.0,top
_948,179.02,101.092,0.0,top
_947,112.98,83.312,0.0,top
_946,90.12,113.792,0.0,top
_945,176.48,116.332,0.0,top
_944,128.22,111.252,0.0,top
_943,95.2,55.372,0.0,top
_942,112.98,103.632,0.0,top
_941,125.68,101.092,0.0,top
_940,115.52,75.692,0.0,top
_939,118.06,62.992,0.0,top
_938,148.54,113.792,0.0,top
_937,181.56,90.932,0.0,top
_936,118.06,111.252,0.0,top
_935,105.36,149.352,0.0,top
_934,128.22,139.192,0.0,top
_933,92.66,70.612,0.0,top
_932,92.66,57.912,0.0,top
_931,123.14,146.812,0.0,top
_930,168.86,80.772,0.0,top
_929,82.5,144.272,0.0,top
_928,90.12,70.612,0.0,top
_927,153.62,141.732,0.0,top
_926,171.4,98.552,0.0,top
_925,151.08,116.332,0.0,top
_924,64.72,55.372,0.0,top
_923,181.56,57.912,0.0,top
_922,171.4,103.632,0.0,top
_921,125.68,134.112,0.0,top
_920,128.22,151.892,0.0,top
_919,135.84,139.192,0.0,top
_918,176.48,146.812,0.0,top
_917,128.22,136.652,0.0,top
_916,90.12,129.032,0.0,top
_915,115.52,123.952,0.0,top
_914,69.8,83.312,0.0,top
_913,118.06,113.792,0.0,top
_912,176.48,136.652,0.0,top
_911,135.84,55.372,0.0,top
_910,130.76,116.332,0.0,top
_909,130.76,111.252,0.0,top
_908,173.94,45.212,0.0,top
_907,163.78,73.152,0.0,top
_906,92.66,60.452,0.0,top
_905,143.46,78.232,0.0,top
_904,90.12,45.212,0.0,top
_903,168.86,131.572,0.0,top
_902,140.92,136.652,0.0,top
_901,79.96,108.712,0.0,top
_900,95.2,80.772,0.0,top
_899,72.34,96.012,0.0,top
_898,72.34,123.952,0.0,top
_897,64.72,116.332,0.0,top
_896,140.92,55.372,0.0,top
_895,102.82,88.392,0.0,top
_894,95.2,106.172,0.0,top
_893,77.42,52.832,0.0,top
_892,77.42,116.332,0.0,top
_891,138.38,80.772,0.0,top
_890,95.2,111.252,0.0,top
_889,67.26,116.332,0.0,top
_888,95.2,93.472,0.0,top
_887,156.16,154.432,0.0,top
_886,176.48,75.692,0.0,top
_885,110.44,75.692,0.0,top
_884,173.94,136.652,0.0,top
_883,130.76,96.012,0.0,top
_882,67.26,57.912,0.0,top
_881,143.46,75.692,0.0,top
_880,100.28,111.252,0.0,top
_879,148.54,55.372,0.0,top
_878,79.96,47.752,0.0,top
_877,107.9,55.372,0.0,top
_876,168.86,151.892,0.0,top
_875,146.0,88.392,0.0,top
_874,85.04,73.152,0.0,top
_873,74.88,68.072,0.0,top
_872,74.88,136.652,0.0,top
_871,120.6,103.632,0.0,top
_870,173.94,144.272,0.0,top
_869,110.44,73.152,0.0,top
_868,153.62,78.232,0.0,top
_867,176.48,68.072,0.0,top
_866,125.68,131.572,0.0,top
_865,173.94,118.872,0.0,top
_864,87.58,93.472,0.0,top
_863,163.78,123.952,0.0,top
_862,115.52,93.472,0.0,top
_861,67.26,144.272,0.0,top
_860,179.02,116.332,0.0,top
_859,146.0,103.632,0.0,top
_858,181.56,73.152,0.0,top
_857,92.66,50.292,0.0,top
_856,123.14,85.852,0.0,top
_855,112.98,149.352,0.0,top
_854,110.44,50.292,0.0,top
_853,112.98,101.092,0.0,top
_852,143.46,154.432,0.0,top
_851,146.0,62.992,0.0,top
_850,163.78,129.032,0.0,top
_849,176.48,93.472,0.0,top
_848,173.94,60.452,0.0,top
_847,146.0,73.152,0.0,top
_846,120.6,113.792,0.0,top
_845,85.04,136.652,0.0,top
_844,140.92,131.572,0.0,top
_843,148.54,45.212,0.0,top
_842,72.34,103.632,0.0,top
_841,148.54,90.932,0.0,top
_840,115.52,151.892,0.0,top
_839,105.36,50.292,0.0,top
_838,87.58,80.772,0.0,top
_837,72.34,139.192,0.0,top
_836,107.9,146.812,0.0,top
_835,118.06,73.152,0.0,top
_834,138.38,103.632,0.0,top
_833,112.98,154.432,0.0,top
_832,166.32,57.912,0.0,top
_831,74.88,93.472,0.0,top
_830,64.72,80.772,0.0,top
_829,140.92,90.932,0.0,top
_828,163.78,139.192,0.0,top
_827,130.76,123.952,0.0,top
_826,158.7,47.752,0.0,top
_825,74.88,139.192,0.0,top
_824,130.76,65.532,0.0,top
_823,135.84,68.072,0.0,top
_822,148.54,73.152,0.0,top
_821,64.72,88.392,0.0,top
_820,107.9,73.152,0.0,top
_819,128.22,83.312,0.0,top
_818,87.58,139.192,0.0,top
_817,102.82,50.292,0.0,top
_816,140.92,93.472,0.0,top
_815,87.58,90.932,0.0,top
_814,148.54,85.852,0.0,top
_813,69.8,98.552,0.0,top
_812,123.14,80.772,0.0,top
_811,102.82,151.892,0.0,top
_810,118.06,144.272,0.0,top
_809,168.86,60.452,0.0,top
_808,115.52,116.332,0.0,top
_807,97.74,154.432,0.0,top
_806,67.26,98.552,0.0,top
_805,115.52,98.552,0.0,top
_804,179.02,151.892,0.0,top
_803,67.26,126.492,0.0,top
_802,82.5,60.452,0.0,top
_801,62.18,146.812,0.0,top
_800,77.42,149.352,0.0,top
_799,158.7,55.372,0.0,top
_798,176.48,103.632,0.0,top
_797,74.88,126.492,0.0,top
_796,128.22,75.692,0.0,top
_795,153.62,50.292,0.0,top
_794,62.18,131.572,0.0,top
_793,112.98,139.192,0.0,top
_792,79.96,141.732,0.0,top
_791,171.4,146.812,0.0,top
_790,161.24,141.732,0.0,top
_789,95.2,108.712,0.0,top
_788,140.92,113.792,0.0,top
_787,82.5,96.012,0.0,top
_786,179.02,47.752,0.0,top
_785,163.78,144.272,0.0,top
_784,72.34,136.652,0.0,top
_783,151.08,126.492,0.0,top
_782,92.66,65.532,0.0,top
_781,90.12,118.872,0.0,top
_780,161.24,83.312,0.0,top
_779,110.44,149.352,0.0,top
_778,151.08,80.772,0.0,top
_777,67.26,65.532,0.0,top
_776,140.92,116.332,0.0,top
_775,123.14,136.652,0.0,top
_774,115.52,134.112,0.0,top
_773,92.66,129.032,0.0,top
_772,100.28,113.792,0.0,top
_771,156.16,121.412,0.0,top
_770,102.82,96.012,0.0,top
_769,158.7,68.072,0.0,top
_768,74.88,134.112,0.0,top
_767,123.14,65.532,0.0,top
_766,85.04,111.252,0.0,top
_765,77.42,126.492,0.0,top
_764,120.6,65.532,0.0,top
_763,79.96,88.392,0.0,top
_762,173.94,47.752,0.0,top
_761,143.46,70.612,0.0,top
_760,148.54,136.652,0.0,top
_759,120.6,47.752,0.0,top
_758,161.24,106.172,0.0,top
_757,168.86,68.072,0.0,top
_756,64.72,50.292,0.0,top
_755,166.32,121.412,0.0,top
_754,67.26,83.312,0.0,top
_753,82.5,126.492,0.0,top
_752,151.08,52.832,0.0,top
_751,105.36,106.172,0.0,top
_750,64.72,93.472,0.0,top
_749,102.82,141.732,0.0,top
_748,166.32,108.712,0.0,top
_747,161.24,90.932,0.0,top
_746,146.0,136.652,0.0,top
_745,128.22,129.032,0.0,top
_744,130.76,98.552,0.0,top
_743,181.56,80.772,0.0,top
_742,77.42,65.532,0.0,top
_741,153.62,75.692,0.0,top
_740,67.26,129.032,0.0,top
_739,146.0,139.192,0.0,top
_738,120.6,126.492,0.0,top
_737,82.5,139.192,0.0,top
_736,69.8,47.752,0.0,top
_735,105.36,70.612,0.0,top
_734,110.44,90.932,0.0,top
_733,168.86,154.432,0.0,top
_732,181.56,78.232,0.0,top
_731,133.3,93.472,0.0,top
_730,176.48,131.572,0.0,top
_729,62.18,96.012,0.0,top
_728,87.58,62.992,0.0,top
_727,82.5,116.332,0.0,top
_726,100.28,70.612,0.0,top
_725,143.46,151.892,0.0,top
_724,179.02,57.912,0.0,top
_723,74.88,113.792,0.0,top
_722,102.82,68.072,0.0,top
_721,82.5,108.712,0.0,top
_720,161.24,151.892,0.0,top
_719,85.04,65.532,0.0,top
_718,110.44,123.952,0.0,top
_717,120.6,121.412,0.0,top
_716,148.54,146.812,0.0,top
_715,125.68,116.332,0.0,top
_714,85.04,68.072,0.0,top
_713,181.56,131.572,0.0,top
_712,112.98,80.772,0.0,top
_711,148.54,149.352,0.0,top
_710,62.18,98.552,0.0,top
_709,153.62,68.072,0.0,top
_708,92.66,52.832,0.0,top
_707,72.34,75.692,0.0,top
_706,135.84,113.792,0.0,top
_705,128.22,154.432,0.0,top
_704,156.16,75.692,0.0,top
_703,156.16,123.952,0.0,top
_702,67.26,52.832,0.0,top
_701,102.82,113.792,0.0,top
_700,102.82,75.692,0.0,top
_699,69.8,96.012,0.0,top
_698,151.08,47.752,0.0,top
_697,153.62,57.912,0.0,top
_696,148.54,116.332,0.0,top
_695,148.54,68.072,0.0,top
_694,125.68,52.832,0.0,top
_693,77.42,93.472,0.0,top
_692,64.72,68.072,0.0,top
_691,95.2,139.192,0.0,top
_690,77.42,118.872,0.0,top
_689,69.8,68.072,0.0,top
_688,107.9,123.952,0.0,top
_687,176.48,101.092,0.0,top
_686,85.04,123.952,0.0,top
_685,100.28,121.412,0.0,top
_684,173.94,134.112,0.0,top
_683,171.4,106.172,0.0,top
_682,112.98,60.452,0.0,top
_681,166.32,134.112,0.0,top
_680,130.76,52.832,0.0,top
_679,110.44,113.792,0.0,top
_678,123.14,134.112,0.0,top
_677,179.02,55.372,0.0,top
_676,100.28,96.012,0.0,top
_675,64.72,62.992,0.0,top
_674,143.46,88.392,0.0,top
_673,72.34,101.092,0.0,top
_672,85.04,62.992,0.0,top
_671,118.06,45.212,0.0,top
_670,123.14,129.032,0.0,top
_669,143.46,108.712,0.0,top
_668,133.3,108.712,0.0,top
_667,173.94,146.812,0.0,top
_666,110.44,85.852,0.0,top
_665,120.6,52.832,0.0,top
_664,161.24,101.092,0.0,top
_663,146.0,106.172,0.0,top
_662,133.3,73.152,0.0,top
_661,77.42,108.712,0.0,top
_660,85.04,106.172,0.0,top
_659,143.46,141.732,0.0,top
_658,133.3,149.352,0.0,top
_657,97.74,118.872,0.0,top
_656,79.96,134.112,0.0,top
_655,123.14,101.092,0.0,top
_654,112.98,151.892,0.0,top
_653,173.94,123.952,0.0,top
_652,146.0,121.412,0.0,top
_651,118.06,50.292,0.0,top
_650,100.28,154.432,0.0,top
_649,135.84,96.012,0.0,top
_648,135.84,73.152,0.0,top
_647,74.88,116.332,0.0,top
_646,69.8,90.932,0.0,top
_645,118.06,123.952,0.0,top
_644,130.76,93.472,0.0,top
_643,112.98,75.692,0.0,top
_642,168.86,50.292,0.0,top
_641,97.74,50.292,0.0,top
_640,138.38,75.692,0.0,top
_639,138.38,98.552,0.0,top
_638,79.96,126.492,0.0,top
_637,123.14,62.992,0.0,top
_636,143.46,139.192,0.0,top
_635,82.5,73.152,0.0,top
_634,79.96,103.632,0.0,top
_633,92.66,141.732,0.0,top
_632,118.06,116.332,0.0,top
_631,95.2,149.352,0.0,top
_630,128.22,144.272,0.0,top
_629,125.68,60.452,0.0,top
_628,120.6,50.292,0.0,top
_627,120.6,144.272,0.0,top
_626,92.66,98.552,0.0,top
_625,151.08,55.372,0.0,top
_624,166.32,70.612,0.0,top
_623,123.14,139.192,0.0,top
_622,105.36,113.792,0.0,top
_621,110.44,55.372,0.0,top
_620,173.94,141.732,0.0,top
_619,95.2,118.872,0.0,top
_618,95.2,126.492,0.0,top
_617,130.76,57.912,0.0,top
_616,163.78,103.632,0.0,top
_615,123.14,103.632,0.0,top
_614,112.98,121.412,0.0,top
_613,69.8,146.812,0.0,top
_612,125.68,73.152,0.0,top
_611,163.78,111.252,0.0,top
_610,161.24,75.692,0.0,top
_609,120.6,141.732,0.0,top
_608,69.8,52.832,0.0,top
_607,168.86,73.152,0.0,top
_606,143.46,134.112,0.0,top
_605,62.18,116.332,0.0,top
_604,107.9,62.992,0.0,top
_603,62.18,154.432,0.0,top
_602,148.54,65.532,0.0,top
_601,146.0,144.272,0.0,top
_600,64.72,73.152,0.0,top
_599,123.14,45.212,0.0,top
_598,171.4,136.652,0.0,top
_597,100.28,101.092,0.0,top
_596,151.08,111.252,0.0,top
_595,87.58,131.572,0.0,top
_594,128.22,149.352,0.0,top
_593,95.2,116.332,0.0,top
_592,173.94,55.372,0.0,top
_591,158.7,80.772,0.0,top
_590,163.78,126.492,0.0,top
_589,133.3,90.932,0.0,top
_588,176.48,50.292,0.0,top
_587,90.12,106.172,0.0,top
_586,168.86,111.252,0.0,top
_585,67.26,103.632,0.0,top
_584,176.48,73.152,0.0,top
_583,146.0,131.572,0.0,top
_582,87.58,106.172,0.0,top
_581,123.14,116.332,0.0,top
_580,118.06,47.752,0.0,top
_579,118.06,101.092,0.0,top
_578,166.32,116.332,0.0,top
_577,118.06,108.712,0.0,top
_576,100.28,50.292,0.0,top
_575,161.24,123.952,0.0,top
_574,168.86,52.832,0.0,top
_573,95.2,131.572,0.0,top
_572,146.0,80.772,0.0,top
_571,156.16,68.072,0.0,top
_570,166.32,96.012,0.0,top
_569,133.3,146.812,0.0,top
_568,123.14,149.352,0.0,top
_567,168.86,90.932,0.0,top
_566,138.38,116.332,0.0,top
_565,168.86,98.552,0.0,top
_564,115.52,146.812,0.0,top
_563,138.38,68.072,0.0,top
_562,72.34,80.772,0.0,top
_561,171.4,90.932,0.0,top
_560,179.02,129.032,0.0,top
_559,179.02,52.832,0.0,top
_558,69.8,65.532,0.0,top
_557,146.0,108.712,0.0,top
_556,85.04,103.632,0.0,top
_555,64.72,136.652,0.0,top
_554,130.76,146.812,0.0,top
_553,153.62,47.752,0.0,top
_552,171.4,80.772,0.0,top
_551,110.44,139.192,0.0,top
_550,158.7,108.712,0.0,top
_549,112.98,52.832,0.0,top
_548,79.96,73.152,0.0,top
_547,102.82,78.232,0.0,top
_546,176.48,118.872,0.0,top
_545,118.06,57.912,0.0,top
_544,158.7,144.272,0.0,top
_543,140.92,52.832,0.0,top
_542,97.74,146.812,0.0,top
_541,156.16,57.912,0.0,top
_540,171.4,78.232,0.0,top
_539,163.78,50.292,0.0,top
_538,110.44,126.492,0.0,top
_537,171.4,52.832,0.0,top
_536,102.82,55.372,0.0,top
_535,166.32,62.992,0.0,top
_534,140.92,57.912,0.0,top
_533,166.32,123.952,0.0,top
_532,125.68,144.272,0.0,top
_531,105.36,57.912,0.0,top
_530,77.42,60.452,0.0,top
_529,138.38,96.012,0.0,top
_528,173.94,139.192,0.0,top
_527,95.2,52.832,0.0,top
_526,181.56,60.452,0.0,top
_525,133.3,55.372,0.0,top
_524,161.24,45.212,0.0,top
_523,110.44,47.752,0.0,top
_522,166.32,55.372,0.0,top
_521,79.96,70.612,0.0,top
_520,79.96,96.012,0.0,top
_519,153.62,123.952,0.0,top
_518,163.78,149.352,0.0,top
_517,135.84,47.752,0.0,top
_516,151.08,85.852,0.0,top
_515,143.46,45.212,0.0,top
_514,130.76,154.432,0.0,top
_513,123.14,126.492,0.0,top
_512,64.72,83.312,0.0,top
_511,140.92,126.492,0.0,top
_510,168.86,75.692,0.0,top
_509,123.14,108.712,0.0,top
_508,161.24,144.272,0.0,top
_507,135.84,65.532,0.0,top
_506,118.06,146.812,0.0,top
_505,69.8,55.372,0.0,top
_504,62.18,129.032,0.0,top
_503,123.14,57.912,0.0,top
_502,158.7,103.632,0.0,top
_501,90.12,50.292,0.0,top
_500,151.08,78.232,0.0,top
_499,115.52,68.072,0.0,top
_498,95.2,121.412,0.0,top
_497,100.28,78.232,0.0,top
_496,135.84,151.892,0.0,top
_495,143.46,60.452,0.0,top
_494,115.52,144.272,0.0,top
_493,158.7,73.152,0.0,top
_492,146.0,90.932,0.0,top
_491,140.92,70.612,0.0,top
_490,74.88,118.872,0.0,top
_489,148.54,106.172,0.0,top
_488,138.38,131.572,0.0,top
_487,138.38,136.652,0.0,top
_486,97.74,96.012,0.0,top
_485,168.86,70.612,0.0,top
_484,168.86,45.212,0.0,top
_483,102.82,85.852,0.0,top
_482,112.98,108.712,0.0,top
_481,128.22,62.992,0.0,top
_480,153.62,96.012,0.0,top
_479,158.7,75.692,0.0,top
_478,105.36,141.732,0.0,top
_477,133.3,123.952,0.0,top
_476,138.38,88.392,0.0,top
_475,123.14,55.372,0.0,top
_474,133.3,129.032,0.0,top
_473,163.78,96.012,0.0,top
_472,163.78,83.312,0.0,top
_471,179.02,62.992,0.0,top
_470,67.26,106.172,0.0,top
_469,82.5,129.032,0.0,top
_468,171.4,121.412,0.0,top
_467,102.82,116.332,0.0,top
_466,158.7,45.212,0.0,top
_465,112.98,78.232,0.0,top
_464,128.22,55.372,0.0,top
_463,135.84,134.112,0.0,top
_462,181.56,113.792,0.0,top
_461,163.78,134.112,0.0,top
_460,120.6,139.192,0.0,top
_459,90.12,108.712,0.0,top
_458,120.6,78.232,0.0,top
_457,163.78,151.892,0.0,top
_456,148.54,60.452,0.0,top
_455,125.68,47.752,0.0,top
_454,85.04,101.092,0.0,top
_453,148.54,154.432,0.0,top
_452,125.68,85.852,0.0,top
_451,173.94,68.072,0.0,top
_450,72.34,83.312,0.0,top
_449,118.06,118.872,0.0,top
_448,87.58,78.232,0.0,top
_447,82.5,146.812,0.0,top
_446,123.14,123.952,0.0,top
_445,148.54,57.912,0.0,top
_444,153.62,108.712,0.0,top
_443,135.84,85.852,0.0,top
_442,171.4,141.732,0.0,top
_441,179.02,85.852,0.0,top
_440,168.86,146.812,0.0,top
_439,138.38,149.352,0.0,top
_438,110.44,80.772,0.0,top
_437,100.28,144.272,0.0,top
_436,110.44,70.612,0.0,top
_435,118.06,134.112,0.0,top
_434,146.0,68.072,0.0,top
_433,87.58,136.652,0.0,top
_432,95.2,47.752,0.0,top
_431,179.02,96.012,0.0,top
_430,161.24,134.112,0.0,top
_429,153.62,83.312,0.0,top
_428,130.76,139.192,0.0,top
_427,146.0,151.892,0.0,top
_426,92.66,108.712,0.0,top
_425,179.02,139.192,0.0,top
_424,128.22,73.152,0.0,top
_423,120.6,45.212,0.0,top
_422,161.24,126.492,0.0,top
_421,173.94,96.012,0.0,top
_420,176.48,90.932,0.0,top
_419,85.04,90.932,0.0,top
_418,87.58,151.892,0.0,top
_417,105.36,60.452,0.0,top
_416,92.66,123.952,0.0,top
_415,171.4,88.392,0.0,top
_414,153.62,103.632,0.0,top
_413,82.5,57.912,0.0,top
_412,146.0,118.872,0.0,top
_411,125.68,118.872,0.0,top
_410,120.6,83.312,0.0,top
_409,95.2,65.532,0.0,top
_408,82.5,154.432,0.0,top
_407,85.04,88.392,0.0,top
_406,120.6,90.932,0.0,top
_405,90.12,85.852,0.0,top
_404,156.16,62.992,0.0,top
_403,118.06,52.832,0.0,top
_402,143.46,65.532,0.0,top
_401,181.56,126.492,0.0,top
_400,123.14,50.292,0.0,top
_399,107.9,113.792,0.0,top
_398,166.32,151.892,0.0,top
_397,90.12,111.252,0.0,top
_396,168.86,144.272,0.0,top
_395,128.22,108.712,0.0,top
_394,112.98,50.292,0.0,top
_393,163.78,47.752,0.0,top
_392,92.66,139.192,0.0,top
_391,130.76,108.712,0.0,top
_390,62.18,111.252,0.0,top
_389,146.0,96.012,0.0,top
_388,133.3,141.732,0.0,top
_387,92.66,101.092,0.0,top
_386,97.74,151.892,0.0,top
_385,156.16,65.532,0.0,top
_384,85.04,60.452,0.0,top
_383,146.0,85.852,0.0,top
_382,140.92,85.852,0.0,top
_381,156.16,55.372,0.0,top
_380,74.88,83.312,0.0,top
_379,67.26,131.572,0.0,top
_378,161.24,129.032,0.0,top
_377,153.62,134.112,0.0,top
_376,64.72,126.492,0.0,top
_375,133.3,144.272,0.0,top
_374,85.04,154.432,0.0,top
_373,171.4,65.532,0.0,top
_372,138.38,129.032,0.0,top
_371,82.5,136.652,0.0,top
_370,151.08,129.032,0.0,top
_369,69.8,106.172,0.0,top
_368,107.9,134.112,0.0,top
_367,64.72,111.252,0.0,top
_366,171.4,131.572,0.0,top
_365,171.4,129.032,0.0,top
_364,107.9,151.892,0.0,top
_363,107.9,47.752,0.0,top
_362,181.56,93.472,0.0,top
_361,179.02,50.292,0.0,top
_360,176.48,60.452,0.0,top
_359,67.26,70.612,0.0,top
_358,100.28,47.752,0.0,top
_357,102.82,65.532,0.0,top
_356,67.26,85.852,0.0,top
_355,125.68,88.392,0.0,top
_354,69.8,101.092,0.0,top
_353,64.72,121.412,0.0,top
_352,95.2,96.012,0.0,top
_351,123.14,47.752,0.0,top
_350,87.58,108.712,0.0,top
_349,166.32,78.232,0.0,top
_348,135.84,90.932,0.0,top
_347,90.12,96.012,0.0,top
_346,156.16,85.852,0.0,top
_345,105.36,111.252,0.0,top
_344,133.3,68.072,0.0,top
_343,118.06,136.652,0.0,top
_342,112.98,68.072,0.0,top
_341,69.8,103.632,0.0,top
_340,90.12,139.192,0.0,top
_339,135.84,141.732,0.0,top
_338,130.76,136.652,0.0,top
_337,168.86,136.652,0.0,top
_336,120.6,118.872,0.0,top
_335,123.14,106.172,0.0,top
_334,133.3,50.292,0.0,top
_333,176.48,139.192,0.0,top
_332,140.92,111.252,0.0,top
_331,140.92,129.032,0.0,top
_330,133.3,52.832,0.0,top
_329,95.2,88.392,0.0,top
_328,67.26,154.432,0.0,top
_327,130.76,103.632,0.0,top
_326,179.02,88.392,0.0,top
_325,102.82,136.652,0.0,top
_324,97.74,73.152,0.0,top
_323,138.38,52.832,0.0,top
_322,92.66,111.252,0.0,top
_321,181.56,111.252,0.0,top
_320,168.86,108.712,0.0,top
_319,90.12,149.352,0.0,top
_318,100.28,118.872,0.0,top
_317,125.68,55.372,0.0,top
_316,133.3,118.872,0.0,top
_315,115.52,83.312,0.0,top
_314,64.72,85.852,0.0,top
_313,72.34,73.152,0.0,top
_312,100.28,80.772,0.0,top
_311,115.52,45.212,0.0,top
_310,176.48,47.752,0.0,top
_309,135.84,144.272,0.0,top
_308,166.32,126.492,0.0,top
_307,95.2,154.432,0.0,top
_306,77.42,113.792,0.0,top
_305,74.88,75.692,0.0,top
_304,143.46,126.492,0.0,top
_303,102.82,60.452,0.0,top
_302,143.46,90.932,0.0,top
_301,133.3,88.392,0.0,top
_300,69.8,131.572,0.0,top
_299,107.9,83.312,0.0,top
_298,105.36,62.992,0.0,top
_297,110.44,118.872,0.0,top
_296,97.74,80.772,0.0,top
_295,62.18,57.912,0.0,top
_294,90.12,98.552,0.0,top
_293,166.32,149.352,0.0,top
_292,74.88,88.392,0.0,top
_291,153.62,118.872,0.0,top
_290,173.94,111.252,0.0,top
_289,95.2,50.292,0.0,top
_288,166.32,68.072,0.0,top
_287,64.72,149.352,0.0,top
_286,156.16,126.492,0.0,top
_285,135.84,121.412,0.0,top
_284,156.16,80.772,0.0,top
_283,95.2,85.852,0.0,top
_282,146.0,149.352,0.0,top
_281,97.74,111.252,0.0,top
_280,123.14,144.272,0.0,top
_279,110.44,83.312,0.0,top
_278,85.04,55.372,0.0,top
_277,156.16,131.572,0.0,top
_276,97.74,57.912,0.0,top
_275,153.62,111.252,0.0,top
_274,171.4,57.912,0.0,top
_273,87.58,98.552,0.0,top
_272,151.08,136.652,0.0,top
_271,100.28,146.812,0.0,top
_270,140.92,83.312,0.0,top
_269,115.52,141.732,0.0,top
_268,171.4,55.372,0.0,top
_267,138.38,73.152,0.0,top
_266,92.66,103.632,0.0,top
_265,163.78,78.232,0.0,top
_264,161.24,139.192,0.0,top
_263,130.76,80.772,0.0,top
_262,161.24,80.772,0.0,top
_261,87.58,83.312,0.0,top
_260,168.86,93.472,0.0,top
_259,163.78,65.532,0.0,top
_258,125.68,75.692,0.0,top
_257,140.92,103.632,0.0,top
_256,123.14,78.232,0.0,top
_255,102.82,83.312,0.0,top
_254,74.88,70.612,0.0,top
_253,82.5,70.612,0.0,top
_252,143.46,136.652,0.0,top
_251,100.28,151.892,0.0,top
_250,166.32,144.272,0.0,top
_249,133.3,139.192,0.0,top
_248,87.58,141.732,0.0,top
_247,156.16,151.892,0.0,top
_246,140.92,68.072,0.0,top
_245,161.24,55.372,0.0,top
_244,158.7,113.792,0.0,top
_243,181.56,154.432,0.0,top
_242,123.14,90.932,0.0,top
_241,151.08,141.732,0.0,top
_240,115.52,113.792,0.0,top
_239,79.96,151.892,0.0,top
_238,107.9,57.912,0.0,top
_237,143.46,116.332,0.0,top
_236,158.7,60.452,0.0,top
_235,146.0,101.092,0.0,top
_234,72.34,106.172,0.0,top
_233,146.0,154.432,0.0,top
_232,140.92,96.012,0.0,top
_231,151.08,88.392,0.0,top
_230,67.26,108.712,0.0,top
_229,153.62,154.432,0.0,top
_228,112.98,113.792,0.0,top
_227,79.96,136.652,0.0,top
_226,148.54,126.492,0.0,top
_225,79.96,68.072,0.0,top
_224,151.08,149.352,0.0,top
_223,140.92,65.532,0.0,top
_222,90.12,134.112,0.0,top
_221,125.68,136.652,0.0,top
_220,64.72,96.012,0.0,top
_219,105.36,121.412,0.0,top
_218,171.4,144.272,0.0,top
_217,179.02,60.452,0.0,top
_216,163.78,121.412,0.0,top
_215,100.28,60.452,0.0,top
_214,130.76,68.072,0.0,top
_213,97.74,45.212,0.0,top
_212,163.78,98.552,0.0,top
_211,62.18,151.892,0.0,top
_210,87.58,129.032,0.0,top
_209,105.36,146.812,0.0,top
_208,158.7,52.832,0.0,top
_207,110.44,146.812,0.0,top
_206,168.86,129.032,0.0,top
_205,79.96,131.572,0.0,top
_204,77.42,154.432,0.0,top
_203,100.28,83.312,0.0,top
_202,146.0,57.912,0.0,top
_201,92.66,80.772,0.0,top
_200,151.08,121.412,0.0,top
_199,74.88,96.012,0.0,top
_198,151.08,62.992,0.0,top
_197,87.58,88.392,0.0,top
_196,95.2,151.892,0.0,top
_195,77.42,70.612,0.0,top
_194,115.52,90.932,0.0,top
_193,85.04,134.112,0.0,top
_192,173.94,85.852,0.0,top
_191,85.04,121.412,0.0,top
_190,163.78,57.912,0.0,top
_189,135.84,129.032,0.0,top
_188,118.06,131.572,0.0,top
_187,95.2,75.692,0.0,top
_186,64.72,141.732,0.0,top
_185,118.06,151.892,0.0,top
_184,163.78,106.172,0.0,top
_183,173.94,90.932,0.0,top
_182,79.96,90.932,0.0,top
_181,158.7,88.392,0.0,top
_180,158.7,90.932,0.0,top
_179,166.32,73.152,0.0,top
_178,146.0,52.832,0.0,top
_177,79.96,75.692,0.0,top
_176,166.32,83.312,0.0,top
_175,100.28,75.692,0.0,top
_174,128.22,60.452,0.0,top
_173,163.78,108.712,0.0,top
_172,72.34,126.492,0.0,top
_171,140.92,139.192,0.0,top
_170,107.9,141.732,0.0,top
_169,100.28,103.632,0.0,top
_168,179.02,111.252,0.0,top
_167,107.9,149.352,0.0,top
_166,90.12,47.752,0.0,top
_165,148.54,80.772,0.0,top
_164,92.66,134.112,0.0,top
_163,112.98,45.212,0.0,top
_162,102.82,111.252,0.0,top
_161,102.82,123.952,0.0,top
_160,151.08,50.292,0.0,top
_159,161.24,60.452,0.0,top
_158,87.58,60.452,0.0,top
_157,112.98,129.032,0.0,top
_156,156.16,141.732,0.0,top
_155,85.04,118.872,0.0,top
_154,120.6,131.572,0.0,top
_153,102.82,108.712,0.0,top
_152,133.3,134.112,0.0,top
_151,67.26,139.192,0.0,top
_150,166.32,141.732,0.0,top
_149,100.28,116.332,0.0,top
_148,74.88,141.732,0.0,top
_147,85.04,75.692,0.0,top
_146,181.56,62.992,0.0,top
_145,179.02,134.112,0.0,top
_144,123.14,60.452,0.0,top
_143,123.14,98.552,0.0,top
_142,107.9,88.392,0.0,top
_141,67.26,113.792,0.0,top
_140,72.34,113.792,0.0,top
_139,74.88,98.552,0.0,top
_138,146.0,126.492,0.0,top
_137,123.14,111.252,0.0,top
_136,173.94,121.412,0.0,top
_135,77.42,136.652,0.0,top
_134,64.72,118.872,0.0,top
_133,151.08,75.692,0.0,top
_132,176.48,55.372,0.0,top
_131,140.92,149.352,0.0,top
_130,72.34,111.252,0.0,top
_129,158.7,57.912,0.0,top
_128,179.02,113.792,0.0,top
_127,112.98,136.652,0.0,top
_126,69.8,93.472,0.0,top
_125,133.3,45.212,0.0,top
_124,74.88,151.892,0.0,top
_123,120.6,73.152,0.0,top
_122,151.08,93.472,0.0,top
_121,163.78,93.472,0.0,top
_120,125.68,123.952,0.0,top
_119,90.12,68.072,0.0,top
_118,128.22,123.952,0.0,top
_117,168.86,62.992,0.0,top
_116,151.08,139.192,0.0,top
_115,156.16,88.392,0.0,top
_114,118.06,85.852,0.0,top
_113,105.36,55.372,0.0,top
_112,163.78,113.792,0.0,top
_111,179.02,118.872,0.0,top
_110,95.2,60.452,0.0,top
_109,166.32,139.192,0.0,top
_108,100.28,106.172,0.0,top
_107,92.66,146.812,0.0,top
_106,143.46,83.312,0.0,top
_105,62.18,65.532,0.0,top
_104,64.72,144.272,0.0,top
_103,130.76,118.872,0.0,top
_102,125.68,121.412,0.0,top
_101,140.92,141.732,0.0,top
_100,97.74,113.792,0.0,top
_99,105.36,136.652,0.0,top
_98,161.24,73.152,0.0,top
_97,156.16,93.472,0.0,top
_96,107.9,93.472,0.0,top
_95,148.54,101.092,0.0,top
_94,125.68,111.252,0.0,top
_93,85.04,52.832,0.0,top
_92,166.32,50.292,0.0,top
_91,156.16,101.092,0.0,top
_90,143.46,131.572,0.0,top
_89,72.34,62.992,0.0,top
_88,95.2,62.992,0.0,top
_87,158.7,62.992,0.0,top
_86,120.6,108.712,0.0,top
_85,156.16,129.032,0.0,top
_84,105.36,52.832,0.0,top
_83,148.54,111.252,0.0,top
_82,143.46,57.912,0.0,top
_81,128.22,65.532,0.0,top
_80,100.28,98.552,0.0,top
_79,90.12,73.152,0.0,top
_78,107.9,52.832,0.0,top
_77,62.18,78.232,0.0,top
_76,130.76,101.092,0.0,top
_75,74.88,65.532,0.0,top
_74,67.26,136.652,0.0,top
_73,87.58,113.792,0.0,top
_72,102.82,129.032,0.0,top
_71,92.66,78.232,0.0,top
_70,166.32,118.872,0.0,top
_69,110.44,131.572,0.0,top
_68,138.38,57.912,0.0,top
_67,97.74,144.272,0.0,top
_66,130.76,121.412,0.0,top
_65,171.4,126.492,0.0,top
_64,140.92,45.212,0.0,top
_63,146.0,111.252,0.0,top
_62,173.94,83.312,0.0,top
_61,82.5,55.372,0.0,top
_60,161.24,146.812,0.0,top
_59,82.5,80.772,0.0,top
_58,77.42,88.392,0.0,top
_57,67.26,68.072,0.0,top
_56,105.36,65.532,0.0,top
_55,72.34,116.332,0.0,top
_54,77.42,129.032,0.0,top
_53,105.36,108.712,0.0,top
_52,120.6,60.452,0.0,top
_51,74.88,55.372,0.0,top
_50,69.8,78.232,0.0,top
_49,176.48,149.352,0.0,top
_48,107.9,78.232,0.0,top
_47,140.92,123.952,0.0,top
_46,128.22,57.912,0.0,top
_45,95.2,123.952,0.0,top
_44,176.48,121.412,0.0,top
_43,166.32,88.392,0.0,top
_42,166.32,65.532,0.0,top
_41,67.26,118.872,0.0,top
_40,87.58,50.292,0.0,top
_39,168.86,149.352,0.0,top
_38,148.54,88.392,0.0,top
_37,77.42,106.172,0.0,top
_36,82.5,65.532,0.0,top
_35,163.78,141.732,0.0,top
_34,163.78,75.692,0.0,top
_33,148.54,52.832,0.0,top
_32,85.04,139.192,0.0,top
_31,161.24,116.332,0.0,top
_30,138.38,154.432,0.0,top
_29,135.84,154.432,0.0,top
_28,115.52,80.772,0.0,top
_27,158.7,106.172,0.0,top
_26,79.96,57.912,0.0,top
_25,85.04,70.612,0.0,top
_24,158.7,129.032,0.0,top
_23,168.86,123.952,0.0,top
_22,130.76,78.232,0.0,top
_21,166.32,85.852,0.0,top
_20,115.52,129.032,0.0,top
_19,179.02,106.172,0.0,top
_18,105.36,151.892,0.0,top
_17,176.48,62.992,0.0,top
_16,95.2,129.032,0.0,top
_15,133.3,106.172,0.0,top
_14,97.74,70.612,0.0,top
_13,148.54,70.612,0.0,top
_12,77.42,85.852,0.0,top
_11,97.74,78.232,0.0,top
_10,97.74,75.692,0.0,top
_9,100.28,123.952,0.0,top
_8,107.9,144.272,0.0,top
_7,158.7,154.432,0.0,top
_6,85.04,129.032,0.0,top
_5,105.36,139.192,0.0,top
_4,102.82,52.832,0.0,top
_3,82.5,118.872,0.0,top
_2,74.88,90.932,0.0,top
,140.92,118.872,0.0,top
C1,95.2,160.802,270.0,top
J11,181.56,140.462,180.0,top
J12,181.56,122.682,180.0,top
J13,181.56,104.902,180.0,top
J14,62.18,122.682,0.0,top
J15,181.56,87.122,180.0,top
J16,62.18,104.902,0.0,top
J17,181.56,69.342,180.0,top
J18,62.18,87.122,0.0,top
J19,181.56,51.562,180.0,top
J2,129.49,163.322,0.0,top
J20,62.18,69.342,0.0,top
J21,62.18,140.462,0.0,top
J22,62.18,51.562,0.0,top
